<favourites>
    <favourite name="Syfy" thumb="http://www.shadownet.me/product_images/f/954/syfy__52943_thumb.jpg">PlayMedia(&quot;plugin://plugin.video.castaway/?url=http%3A%2F%2Fwww.shadownet.me%2Fchannels%2FSyfy.html&amp;play=True&amp;mode=play&amp;img=http%3A%2F%2Fwww.shadownet.me%2Fproduct_images%2Ff%2F954%2Fsyfy__52943_thumb.jpg&amp;title=Syfy&quot;)</favourite>
    <favourite name="Spike" thumb="http://www.shadownet.me/product_images/z/232/Spike_logo_2015__98357_thumb.png">PlayMedia(&quot;plugin://plugin.video.castaway/?url=http%3A%2F%2Fwww.shadownet.me%2Fchannels%2FSpike.html&amp;play=True&amp;mode=play&amp;img=http%3A%2F%2Fwww.shadownet.me%2Fproduct_images%2Fz%2F232%2FSpike_logo_2015__98357_thumb.png&amp;title=Spike&quot;)</favourite>
    <favourite name="ABC News" thumb="http://castalba.tv/images/zaps/198622.jpg">PlayMedia(&quot;plugin://plugin.video.castaway/?url=http%3A%2F%2Fcastalba.tv%2Fchannel%2F23645&amp;play=True&amp;mode=play&amp;img=http%3A%2F%2Fcastalba.tv%2Fimages%2Fzaps%2F198622.jpg&amp;title=ABC+News&quot;)</favourite>
    <favourite name="i24 News" thumb="http://castalba.tv/images/zaps/198621.jpg">PlayMedia(&quot;plugin://plugin.video.castaway/?url=http%3A%2F%2Fcastalba.tv%2Fchannel%2F23644&amp;play=True&amp;mode=play&amp;img=http%3A%2F%2Fcastalba.tv%2Fimages%2Fzaps%2F198621.jpg&amp;title=i24+News&quot;)</favourite>
    <favourite name="Sky TG24" thumb="http://castalba.tv/images/channel.gif">PlayMedia(&quot;plugin://plugin.video.castaway/?url=http%3A%2F%2Fcastalba.tv%2Fchannel%2F23975&amp;play=True&amp;mode=play&amp;img=http%3A%2F%2Fcastalba.tv%2Fimages%2Fchannel.gif&amp;title=Sky+TG24&quot;)</favourite>
    <favourite name="Bloomberg TV" thumb="http://castalba.tv/images/channel.gif">PlayMedia(&quot;plugin://plugin.video.castaway/?url=http%3A%2F%2Fcastalba.tv%2Fchannel%2F24852&amp;play=True&amp;mode=play&amp;img=http%3A%2F%2Fcastalba.tv%2Fimages%2Fchannel.gif&amp;title=Bloomberg+TV&quot;)</favourite>
    <favourite name="Poker Central" thumb="http://castalba.tv/images/channel.gif">PlayMedia(&quot;plugin://plugin.video.castaway/?url=http%3A%2F%2Fcastalba.tv%2Fchannel%2F27719&amp;play=True&amp;mode=play&amp;img=http%3A%2F%2Fcastalba.tv%2Fimages%2Fchannel.gif&amp;title=Poker+Central&quot;)</favourite>
    <favourite name="PAC12 Washington" thumb="http://castalba.tv/images/channel.gif">PlayMedia(&quot;plugin://plugin.video.castaway/?url=http%3A%2F%2Fcastalba.tv%2Fchannel%2F27679&amp;play=True&amp;mode=play&amp;img=http%3A%2F%2Fcastalba.tv%2Fimages%2Fchannel.gif&amp;title=PAC12+Washington&quot;)</favourite>
    <favourite name="PAC12 Arizona" thumb="http://castalba.tv/images/channel.gif">PlayMedia(&quot;plugin://plugin.video.castaway/?url=http%3A%2F%2Fcastalba.tv%2Fchannel%2F27678&amp;play=True&amp;mode=play&amp;img=http%3A%2F%2Fcastalba.tv%2Fimages%2Fchannel.gif&amp;title=PAC12+Arizona&quot;)</favourite>
    <favourite name="London Live" thumb="http://castalba.tv/images/channel.gif">PlayMedia(&quot;plugin://plugin.video.castaway/?url=http%3A%2F%2Fcastalba.tv%2Fchannel%2F24982&amp;play=True&amp;mode=play&amp;img=http%3A%2F%2Fcastalba.tv%2Fimages%2Fchannel.gif&amp;title=London+Live&quot;)</favourite>
    <favourite name="Sky Sports f1" thumb="http://www.crichd.tv/images/skyf1.png">PlayMedia(&quot;plugin://plugin.video.castaway/?url=http%3A%2F%2Fwww.crichd.tv%2Fsky-sports-f1-live-stream.php&amp;play=True&amp;mode=play&amp;img=http%3A%2F%2Fwww.crichd.tv%2Fimages%2Fskyf1.png&amp;title=Sky+Sports+f1&quot;)</favourite>
    <favourite name="BT Sport 2" thumb="http://www.crichd.tv/images/bt2.jpg">PlayMedia(&quot;plugin://plugin.video.castaway/?url=http%3A%2F%2Fwww.crichd.tv%2Fbt-sport-2-live-stream.php&amp;play=True&amp;mode=play&amp;img=http%3A%2F%2Fwww.crichd.tv%2Fimages%2Fbt2.jpg&amp;title=BT+Sport+2&quot;)</favourite>
    <favourite name="BT Sport Espn Uk" thumb="http://www.crichd.tv/images/espnhd.gif">PlayMedia(&quot;plugin://plugin.video.castaway/?url=http%3A%2F%2Fwww.crichd.tv%2Fespn-uk-live-stream.php&amp;play=True&amp;mode=play&amp;img=http%3A%2F%2Fwww.crichd.tv%2Fimages%2Fespnhd.gif&amp;title=BT+Sport+Espn+Uk&quot;)</favourite>
    <favourite name="Eurosport" thumb="http://www.crichd.tv/images/euro.png">PlayMedia(&quot;plugin://plugin.video.castaway/?url=http%3A%2F%2Fwww.crichd.tv%2Feurosport-1-hd-live-stream.php&amp;play=True&amp;mode=play&amp;img=http%3A%2F%2Fwww.crichd.tv%2Fimages%2Feuro.png&amp;title=Eurosport&quot;)</favourite>
    <favourite name="Eurosport 2" thumb="http://www.crichd.tv/images/euro2.png">PlayMedia(&quot;plugin://plugin.video.castaway/?url=http%3A%2F%2Fwww.crichd.tv%2Feurosport-2-hd-live-stream.php&amp;play=True&amp;mode=play&amp;img=http%3A%2F%2Fwww.crichd.tv%2Fimages%2Feuro2.png&amp;title=Eurosport+2&quot;)</favourite>
    <favourite name="Premier sports" thumb="http://www.crichd.tv/images/premier.png">PlayMedia(&quot;plugin://plugin.video.castaway/?url=http%3A%2F%2Fwww.crichd.tv%2Fpremier-sports-live-stream.php&amp;play=True&amp;mode=play&amp;img=http%3A%2F%2Fwww.crichd.tv%2Fimages%2Fpremier.png&amp;title=Premier+sports&quot;)</favourite>
    <favourite name="SKYSPORTS 1" thumb="C:\Users\Mom\AppData\Roaming\Kodi\addons\plugin.video.castaway/resources/media/ibrod.png">PlayMedia(&quot;plugin://plugin.video.castaway/?url=http%3A%2F%2Fwww.ibrod.tv%2Fskysports1.html&amp;play=True&amp;mode=play&amp;img=C%3A%5CUsers%5CMom%5CAppData%5CRoaming%5CKodi%5Caddons%5Cplugin.video.castaway%2Fresources%2Fmedia%2Fibrod.png&amp;title=SKYSPORTS+1&quot;)</favourite>
    <favourite name="SKYSPORTS 2" thumb="C:\Users\Mom\AppData\Roaming\Kodi\addons\plugin.video.castaway/resources/media/ibrod.png">PlayMedia(&quot;plugin://plugin.video.castaway/?url=http%3A%2F%2Fwww.ibrod.tv%2Fskysports2.html&amp;play=True&amp;mode=play&amp;img=C%3A%5CUsers%5CMom%5CAppData%5CRoaming%5CKodi%5Caddons%5Cplugin.video.castaway%2Fresources%2Fmedia%2Fibrod.png&amp;title=SKYSPORTS+2&quot;)</favourite>
    <favourite name="SKYSPORTS 3" thumb="C:\Users\Mom\AppData\Roaming\Kodi\addons\plugin.video.castaway/resources/media/ibrod.png">PlayMedia(&quot;plugin://plugin.video.castaway/?url=http%3A%2F%2Fwww.ibrod.tv%2Fskysports3.html&amp;play=True&amp;mode=play&amp;img=C%3A%5CUsers%5CMom%5CAppData%5CRoaming%5CKodi%5Caddons%5Cplugin.video.castaway%2Fresources%2Fmedia%2Fibrod.png&amp;title=SKYSPORTS+3&quot;)</favourite>
    <favourite name="SKYSPORTS 4" thumb="C:\Users\Mom\AppData\Roaming\Kodi\addons\plugin.video.castaway/resources/media/ibrod.png">PlayMedia(&quot;plugin://plugin.video.castaway/?url=http%3A%2F%2Fwww.ibrod.tv%2Fskysports4.html&amp;play=True&amp;mode=play&amp;img=C%3A%5CUsers%5CMom%5CAppData%5CRoaming%5CKodi%5Caddons%5Cplugin.video.castaway%2Fresources%2Fmedia%2Fibrod.png&amp;title=SKYSPORTS+4&quot;)</favourite>
    <favourite name="SKYSPORTS 5" thumb="C:\Users\Mom\AppData\Roaming\Kodi\addons\plugin.video.castaway/resources/media/ibrod.png">PlayMedia(&quot;plugin://plugin.video.castaway/?url=http%3A%2F%2Fwww.ibrod.tv%2Fskysports5.html&amp;play=True&amp;mode=play&amp;img=C%3A%5CUsers%5CMom%5CAppData%5CRoaming%5CKodi%5Caddons%5Cplugin.video.castaway%2Fresources%2Fmedia%2Fibrod.png&amp;title=SKYSPORTS+5&quot;)</favourite>
    <favourite name="Animal Planet UK" thumb="http://www.shadownet.me/product_images/w/160/Animal_Planet_logo_%28black_and_green%29__98995_thumb.png">PlayMedia(&quot;plugin://plugin.video.castaway/?url=http%3A%2F%2Fwww.shadownet.me%2Fchannels%2FAnimal-Planet-UK.html&amp;play=True&amp;mode=play&amp;img=http%3A%2F%2Fwww.shadownet.me%2Fproduct_images%2Fw%2F160%2FAnimal_Planet_logo_%2528black_and_green%2529__98995_thumb.png&amp;title=Animal+Planet+UK&quot;)</favourite>
    <favourite name="A&amp;E" thumb="http://www.shadownet.me/product_images/h/192/ae_tv__99609_thumb.jpg">PlayMedia(&quot;plugin://plugin.video.castaway/?url=http%3A%2F%2Fwww.shadownet.me%2Fchannels%2FA%2526E.html&amp;play=True&amp;mode=play&amp;img=http%3A%2F%2Fwww.shadownet.me%2Fproduct_images%2Fh%2F192%2Fae_tv__99609_thumb.jpg&amp;title=A%26E&quot;)</favourite>
    <favourite name="AMC East" thumb="http://www.shadownet.me/product_images/r/604/amc__85163_thumb.jpg">PlayMedia(&quot;plugin://plugin.video.castaway/?url=http%3A%2F%2Fwww.shadownet.me%2Fchannels%2FAMC-East.html&amp;play=True&amp;mode=play&amp;img=http%3A%2F%2Fwww.shadownet.me%2Fproduct_images%2Fr%2F604%2Famc__85163_thumb.jpg&amp;title=AMC+East&quot;)</favourite>
    <favourite name="ABC 7 New York" thumb="http://www.shadownet.me/product_images/b/900/wabc_abc7_new_york__26026_thumb.jpg">PlayMedia(&quot;plugin://plugin.video.castaway/?url=http%3A%2F%2Fwww.shadownet.me%2Fchannels%2FABC-7-New-York.html&amp;play=True&amp;mode=play&amp;img=http%3A%2F%2Fwww.shadownet.me%2Fproduct_images%2Fb%2F900%2Fwabc_abc7_new_york__26026_thumb.jpg&amp;title=ABC+7+New+York&quot;)</favourite>
    <favourite name="NBC East" thumb="http://www.shadownet.me/product_images/w/554/nbc__14605_thumb.gif">PlayMedia(&quot;plugin://plugin.video.castaway/?url=http%3A%2F%2Fwww.shadownet.me%2Fchannels%2FNBC-East.html&amp;play=True&amp;mode=play&amp;img=http%3A%2F%2Fwww.shadownet.me%2Fproduct_images%2Fw%2F554%2Fnbc__14605_thumb.gif&amp;title=NBC+East&quot;)</favourite>
    <favourite name="Animal Planet US" thumb="http://www.shadownet.me/product_images/z/026/Animal_Planet_logo_%28black_and_green%29__59139_thumb.png">PlayMedia(&quot;plugin://plugin.video.castaway/?url=http%3A%2F%2Fwww.shadownet.me%2Fchannels%2FAnimal-Planet-US.html&amp;play=True&amp;mode=play&amp;img=http%3A%2F%2Fwww.shadownet.me%2Fproduct_images%2Fz%2F026%2FAnimal_Planet_logo_%2528black_and_green%2529__59139_thumb.png&amp;title=Animal+Planet+US&quot;)</favourite>
    <favourite name="Bravo" thumb="http://www.shadownet.me/product_images/g/338/bravo_us__11790_thumb.jpg">PlayMedia(&quot;plugin://plugin.video.castaway/?url=http%3A%2F%2Fwww.shadownet.me%2Fchannels%2FBravo.html&amp;play=True&amp;mode=play&amp;img=http%3A%2F%2Fwww.shadownet.me%2Fproduct_images%2Fg%2F338%2Fbravo_us__11790_thumb.jpg&amp;title=Bravo&quot;)</favourite>
    <favourite name="Discovery US" thumb="http://www.shadownet.me/product_images/k/583/discovery_us__51096_thumb.jpg">PlayMedia(&quot;plugin://plugin.video.castaway/?url=http%3A%2F%2Fwww.shadownet.me%2Fchannels%2FDiscovery-US.html&amp;play=True&amp;mode=play&amp;img=http%3A%2F%2Fwww.shadownet.me%2Fproduct_images%2Fk%2F583%2Fdiscovery_us__51096_thumb.jpg&amp;title=Discovery+US&quot;)</favourite>
    <favourite name="ESPN US" thumb="http://www.shadownet.me/product_images/y/742/ESPN__66232_thumb.png">PlayMedia(&quot;plugin://plugin.video.castaway/?url=http%3A%2F%2Fwww.shadownet.me%2Fchannels%2FESPN-US.html&amp;play=True&amp;mode=play&amp;img=http%3A%2F%2Fwww.shadownet.me%2Fproduct_images%2Fy%2F742%2FESPN__66232_thumb.png&amp;title=ESPN+US&quot;)</favourite>
    <favourite name="Golf Channel" thumb="http://www.shadownet.me/product_images/s/418/golf_channel_us__36323_thumb.jpg">PlayMedia(&quot;plugin://plugin.video.castaway/?url=http%3A%2F%2Fwww.shadownet.me%2Fchannels%2FGolf-Channel.html&amp;play=True&amp;mode=play&amp;img=http%3A%2F%2Fwww.shadownet.me%2Fproduct_images%2Fs%2F418%2Fgolf_channel_us__36323_thumb.jpg&amp;title=Golf+Channel&quot;)</favourite>
    <favourite name="History US" thumb="http://www.shadownet.me/product_images/c/576/history_europe__24065_thumb.jpg">PlayMedia(&quot;plugin://plugin.video.castaway/?url=http%3A%2F%2Fwww.shadownet.me%2Fchannels%2FHistory-US.html&amp;play=True&amp;mode=play&amp;img=http%3A%2F%2Fwww.shadownet.me%2Fproduct_images%2Fc%2F576%2Fhistory_europe__24065_thumb.jpg&amp;title=History+US&quot;)</favourite>
    <favourite name="Lifetime" thumb="http://www.shadownet.me/product_images/b/056/Lifetime_logo_2013__32042_thumb.png">PlayMedia(&quot;plugin://plugin.video.castaway/?url=http%3A%2F%2Fwww.shadownet.me%2Fchannels%2FLifetime.html&amp;play=True&amp;mode=play&amp;img=http%3A%2F%2Fwww.shadownet.me%2Fproduct_images%2Fb%2F056%2FLifetime_logo_2013__32042_thumb.png&amp;title=Lifetime&quot;)</favourite>
    <favourite name="National Geographic US" thumb="http://www.shadownet.me/product_images/w/100/National_Geographic_Channel__77803_thumb.png">PlayMedia(&quot;plugin://plugin.video.castaway/?url=http%3A%2F%2Fwww.shadownet.me%2Fchannels%2FNational-Geographic-US.html&amp;play=True&amp;mode=play&amp;img=http%3A%2F%2Fwww.shadownet.me%2Fproduct_images%2Fw%2F100%2FNational_Geographic_Channel__77803_thumb.png&amp;title=National+Geographic+US&quot;)</favourite>
    <favourite name="Oprah Winfrey Network" thumb="http://www.shadownet.me/product_images/r/136/own__48299_thumb.jpg">PlayMedia(&quot;plugin://plugin.video.castaway/?url=http%3A%2F%2Fwww.shadownet.me%2Fchannels%2FOprah-Winfrey-Network.html&amp;play=True&amp;mode=play&amp;img=http%3A%2F%2Fwww.shadownet.me%2Fproduct_images%2Fr%2F136%2Fown__48299_thumb.jpg&amp;title=Oprah+Winfrey+Network&quot;)</favourite>
    <favourite name="TBS" thumb="http://www.shadownet.me/product_images/f/523/TBS.svg__23453_thumb.png">PlayMedia(&quot;plugin://plugin.video.castaway/?url=http%3A%2F%2Fwww.shadownet.me%2Fchannels%2FTBS.html&amp;play=True&amp;mode=play&amp;img=http%3A%2F%2Fwww.shadownet.me%2Fproduct_images%2Ff%2F523%2FTBS.svg__23453_thumb.png&amp;title=TBS&quot;)</favourite>
    <favourite name="TLC" thumb="http://www.shadownet.me/product_images/g/894/TLC_USA_logo__18952_thumb.png">PlayMedia(&quot;plugin://plugin.video.castaway/?url=http%3A%2F%2Fwww.shadownet.me%2Fchannels%2FTLC.html&amp;play=True&amp;mode=play&amp;img=http%3A%2F%2Fwww.shadownet.me%2Fproduct_images%2Fg%2F894%2FTLC_USA_logo__18952_thumb.png&amp;title=TLC&quot;)</favourite>
    <favourite name="TNT" thumb="http://www.shadownet.me/product_images/e/600/tnt__28275_thumb.jpg">PlayMedia(&quot;plugin://plugin.video.castaway/?url=http%3A%2F%2Fwww.shadownet.me%2Fchannels%2FTNT.html&amp;play=True&amp;mode=play&amp;img=http%3A%2F%2Fwww.shadownet.me%2Fproduct_images%2Fe%2F600%2Ftnt__28275_thumb.jpg&amp;title=TNT&quot;)</favourite>
    <favourite name="Cartoon Network" thumb="C:\Users\Mom\AppData\Roaming\Kodi\addons\plugin.video.castaway/resources/media/tvone1.png">ActivateWindow(10025,&quot;plugin://plugin.video.castaway/?img=C%3a%5cUsers%5cMom%5cAppData%5cRoaming%5cKodi%5caddons%5cplugin.video.castaway%2fresources%2fmedia%2ftvone1.png&amp;mode=play_special&amp;site=tvone1&amp;title=Cartoon%20Network&amp;url=http%3a%2f%2fwww.finecast.tv%2fembed4.php%3fu%3dcn888%26vw%3d640%26vh%3d450%26referer%3dhttp%3a%2f%2fwww.247tvstream.com%2f&quot;,return)</favourite>
    <favourite name="WGN 9 CW Chicago" thumb="http://www.shadownet.me/product_images/k/035/Wgncwlogo__34261_thumb.png">PlayMedia(&quot;plugin://plugin.video.castaway/?url=http%3A%2F%2Fwww.shadownet.me%2Fchannels%2FWGN-9-CW-Chicago.html&amp;play=True&amp;mode=play&amp;img=http%3A%2F%2Fwww.shadownet.me%2Fproduct_images%2Fk%2F035%2FWgncwlogo__34261_thumb.png&amp;title=WGN+9+CW+Chicago&quot;)</favourite>
    <favourite name="Sportsnet World" thumb="http://www.shadownet.me/product_images/e/626/SportsnetWorld__37094_thumb.png">PlayMedia(&quot;plugin://plugin.video.castaway/?url=http%3A%2F%2Fwww.shadownet.me%2Fchannels%2FSportsnet-World.html&amp;play=True&amp;mode=play&amp;img=http%3A%2F%2Fwww.shadownet.me%2Fproduct_images%2Fe%2F626%2FSportsnetWorld__37094_thumb.png&amp;title=Sportsnet+World&quot;)</favourite>
    <favourite name="TSN 2" thumb="http://www.shadownet.me/product_images/b/342/tsn2__61112_thumb.jpg">PlayMedia(&quot;plugin://plugin.video.castaway/?url=http%3A%2F%2Fwww.shadownet.me%2Fchannels%2FTSN-2.html&amp;play=True&amp;mode=play&amp;img=http%3A%2F%2Fwww.shadownet.me%2Fproduct_images%2Fb%2F342%2Ftsn2__61112_thumb.jpg&amp;title=TSN+2&quot;)</favourite>
    <favourite name="TSN 3" thumb="http://www.shadownet.me/product_images/f/245/tsn3__97431_thumb.png">PlayMedia(&quot;plugin://plugin.video.castaway/?url=http%3A%2F%2Fwww.shadownet.me%2Fchannels%2FTSN-3.html&amp;play=True&amp;mode=play&amp;img=http%3A%2F%2Fwww.shadownet.me%2Fproduct_images%2Ff%2F245%2Ftsn3__97431_thumb.png&amp;title=TSN+3&quot;)</favourite>
    <favourite name="Fox Sports 2" thumb="http://castalba.tv/images/channel.gif">PlayMedia(&quot;plugin://plugin.video.castaway/?url=http%3A%2F%2Fcastalba.tv%2Fchannel%2F27799&amp;play=True&amp;mode=play&amp;img=http%3A%2F%2Fcastalba.tv%2Fimages%2Fchannel.gif&amp;title=Fox+Sports+2&quot;)</favourite>
    <favourite name="BT Sport 1" thumb="http://www.crichd.tv/images/bt1.jpg">PlayMedia(&quot;plugin://plugin.video.castaway/?url=http%3A%2F%2Fwww.crichd.tv%2Fbt-sport-1-live-stream.php&amp;play=True&amp;mode=play&amp;img=http%3A%2F%2Fwww.crichd.tv%2Fimages%2Fbt1.jpg&amp;title=BT+Sport+1&quot;)</favourite>
    <favourite name="VH1" thumb="http://www.shadownet.me/product_images/l/556/VH1_logonew__62136_thumb.png">PlayMedia(&quot;plugin://plugin.video.castaway/?url=http%3A%2F%2Fwww.shadownet.me%2Fchannels%2FVH1.html&amp;play=True&amp;mode=play&amp;img=http%3A%2F%2Fwww.shadownet.me%2Fproduct_images%2Fl%2F556%2FVH1_logonew__62136_thumb.png&amp;title=VH1&quot;)</favourite>
    <favourite name="CNN USA" thumb="http://www.time4tv.com/images/channel-logo/cnn_usa.jpg">PlayMedia(&quot;plugin://plugin.video.castaway/?url=http%3A%2F%2Ftv4embed.com%2Fusa%2Fcnn-usa-stream-4.html&amp;play=True&amp;mode=play&amp;img=http%3A%2F%2Fwww.time4tv.com%2Fimages%2Fchannel-logo%2Fcnn_usa.jpg&amp;title=CNN+USA&quot;)</favourite>
    <favourite name="Sky Sports F1" thumb="http://www.time4tv.com/images/channel-logo/skyf1.jpg">PlayMedia(&quot;plugin://plugin.video.castaway/?url=http%3A%2F%2Ftv4embed.com%2Fuk%2Fssf1-stream4.html&amp;play=True&amp;mode=play&amp;img=http%3A%2F%2Fwww.time4tv.com%2Fimages%2Fchannel-logo%2Fskyf1.jpg&amp;title=Sky+Sports+F1&quot;)</favourite>
    <favourite name="ESPN 2 (HD)" thumb="http://snapshots.streamlive.to/snapshots/rgyus7ao2ullmbt_snapshot.jpg">PlayMedia(&quot;plugin://plugin.video.castaway/?url=http%3A%2F%2Fwww.streamlive.to%2Fview%2F57977%2FESPN_2_%2528HD%2529&amp;play=True&amp;mode=play&amp;img=http%3A%2F%2Fsnapshots.streamlive.to%2Fsnapshots%2Frgyus7ao2ullmbt_snapshot.jpg&amp;title=ESPN+2+%28HD%29&quot;)</favourite>
    <favourite name="ESPN (HD)" thumb="http://snapshots.streamlive.to/snapshots/xoaaohmeuajfeyf_snapshot.jpg">PlayMedia(&quot;plugin://plugin.video.castaway/?url=http%3A%2F%2Fwww.streamlive.to%2Fview%2F48051%2FESPN_%2528HD%2529&amp;play=True&amp;mode=play&amp;img=http%3A%2F%2Fsnapshots.streamlive.to%2Fsnapshots%2Fxoaaohmeuajfeyf_snapshot.jpg&amp;title=ESPN+%28HD%29&quot;)</favourite>
    <favourite name="Setenta Sport (HD)" thumb="http://snapshots.streamlive.to/snapshots/6kyreuuugcp4jno_snapshot.jpg">PlayMedia(&quot;plugin://plugin.video.castaway/?url=http%3A%2F%2Fwww.streamlive.to%2Fview%2F70189%2FSetenta_Sport_%2528HD%2529&amp;play=True&amp;mode=play&amp;img=http%3A%2F%2Fsnapshots.streamlive.to%2Fsnapshots%2F6kyreuuugcp4jno_snapshot.jpg&amp;title=Setenta+Sport+%28HD%29&quot;)</favourite>
    <favourite name="Sky Scifi-Horror (HD)" thumb="http://snapshots.streamlive.to/snapshots/wk4658qcki1imla_snapshot.jpg">PlayMedia(&quot;plugin://plugin.video.castaway/?url=http%3A%2F%2Fwww.streamlive.to%2Fview%2F71731%2FSky_Scifi-Horror_%2528HD%2529&amp;play=True&amp;mode=play&amp;img=http%3A%2F%2Fsnapshots.streamlive.to%2Fsnapshots%2Fwk4658qcki1imla_snapshot.jpg&amp;title=Sky+Scifi-Horror+%28HD%29&quot;)</favourite>
</favourites>
